Station ID,StationName,City Name,State,Status,City ID,AQI,Date of Construction,Cost of Installation,Active Time
AP001,"Secretariat, Amaravati - APPCB",Amaravati,Andhra Pradesh,Active,3.0,103,2008-12-18,20742,08:00:00
AP005,"GVM Corporation, Visakhapatnam - APPCB",Visakhapatnam,Andhra Pradesh,Active,26.0,86,2006-08-09,45556,08:00:00
AS001,"Railway Colony, Guwahati - APCB",Guwahati,Assam,Active,14.0,205,2007-01-10,42632,08:00:00
BR005,"DRM Office Danapur, Patna - BSPCB",Patna,Bihar,Active,22.0,270,2008-10-05,13048,08:00:00
BR006,"Govt. High School Shikarpur, Patna - BSPCB",Patna,Bihar,Active,22.0,232,2002-05-09,43746,08:00:00
BR007,"IGSC Planetarium Complex, Patna - BSPCB",Patna,Bihar,Active,22.0,193,2007-06-22,27448,08:00:00
BR008,"Muradpur, Patna - BSPCB",Patna,Bihar,Active,22.0,104,2001-06-06,26044,08:00:00
BR009,"Rajbansi Nagar, Patna - BSPCB",Patna,Bihar,Active,22.0,320,2006-12-04,44144,08:00:00
BR010,"Samanpura, Patna - BSPCB",Patna,Bihar,Active,22.0,90,2022-04-03,42722,08:00:00
CH001,"Sector-25, Chandigarh - CPCC",Chandigarh,Chandigarh,Active,8.0,272,2015-05-02,46599,08:00:00
DL001,"Alipur, Delhi - DPCC",Delhi,Delhi,Active,11.0,301,2010-08-16,45426,08:00:00
DL002,"Anand Vihar, Delhi - DPCC",Delhi,Delhi,Active,11.0,148,2011-01-07,41197,08:00:00
DL003,"Ashok Vihar, Delhi - DPCC",Delhi,Delhi,Active,11.0,112,2006-02-14,33128,08:00:00
DL004,"Aya Nagar, Delhi - IMD",Delhi,Delhi,Active,11.0,76,1998-07-13,38599,08:00:00
DL005,"Bawana, Delhi - DPCC",Delhi,Delhi,Active,11.0,88,2003-07-29,14998,08:00:00
DL006,"Burari Crossing, Delhi - IMD",Delhi,Delhi,Active,11.0,55,1998-01-14,44063,08:00:00
DL007,"CRRI Mathura Road, Delhi - IMD",Delhi,Delhi,Active,11.0,355,2022-05-25,42271,08:00:00
DL008,"DTU, Delhi - CPCB",Delhi,Delhi,Active,11.0,279,2021-05-10,49370,08:00:00
DL009,"Dr. Karni Singh Shooting Range, Delhi - DPCC",Delhi,Delhi,Active,11.0,89,2010-05-16,31656,08:00:00
DL010,"Dwarka-Sector 8, Delhi - DPCC",Delhi,Delhi,Active,11.0,363,2012-04-17,21398,08:00:00
DL011,"East Arjun Nagar, Delhi - CPCB",Delhi,Delhi,Active,11.0,58,2000-09-25,22732,08:00:00
DL012,"IGI Airport (T3), Delhi - IMD",Delhi,Delhi,Active,11.0,59,2017-07-21,46342,08:00:00
DL013,"IHBAS, Dilshad Garden, Delhi - CPCB",Delhi,Delhi,Active,11.0,252,2023-04-23,11107,08:00:00
DL014,"ITO, Delhi - CPCB",Delhi,Delhi,Active,11.0,253,2005-06-16,45476,08:00:00
DL015,"Jahangirpuri, Delhi - DPCC",Delhi,Delhi,Active,11.0,290,2024-03-20,16906,08:00:00
DL016,"Jawaharlal Nehru Stadium, Delhi - DPCC",Delhi,Delhi,Active,11.0,280,2011-01-03,47295,08:00:00
DL017,"Lodhi Road, Delhi - IMD",Delhi,Delhi,Active,11.0,124,2013-09-28,38792,08:00:00
DL018,"Major Dhyan Chand National Stadium, Delhi - DPCC",Delhi,Delhi,Active,11.0,384,2008-04-19,34118,08:00:00
DL019,"Mandir Marg, Delhi - DPCC",Delhi,Delhi,Active,11.0,239,2021-03-16,13951,08:00:00
DL020,"Mundka, Delhi - DPCC",Delhi,Delhi,Active,11.0,243,2006-10-10,13943,08:00:00
DL021,"NSIT Dwarka, Delhi - CPCB",Delhi,Delhi,Active,11.0,104,2006-04-29,34468,08:00:00
DL022,"Najafgarh, Delhi - DPCC",Delhi,Delhi,Active,11.0,383,1999-02-09,46357,08:00:00
DL023,"Narela, Delhi - DPCC",Delhi,Delhi,Active,11.0,235,2021-06-26,11908,08:00:00
DL024,"Nehru Nagar, Delhi - DPCC",Delhi,Delhi,Active,11.0,205,2010-06-25,32685,08:00:00
DL025,"North Campus, DU, Delhi - IMD",Delhi,Delhi,Active,11.0,94,2003-11-16,26757,08:00:00
DL026,"Okhla Phase-2, Delhi - DPCC",Delhi,Delhi,Active,11.0,240,2022-03-12,40365,08:00:00
DL027,"Patparganj, Delhi - DPCC",Delhi,Delhi,Active,11.0,391,2015-03-14,42549,08:00:00
DL028,"Punjabi Bagh, Delhi - DPCC",Delhi,Delhi,Active,11.0,106,2023-04-13,44098,08:00:00
DL029,"Pusa, Delhi - DPCC",Delhi,Delhi,Active,11.0,357,1999-10-28,37348,08:00:00
DL030,"Pusa, Delhi - IMD",Delhi,Delhi,Active,11.0,196,2004-01-23,22499,08:00:00
DL031,"R K Puram, Delhi - DPCC",Delhi,Delhi,Active,11.0,218,2000-12-04,19843,08:00:00
DL032,"Rohini, Delhi - DPCC",Delhi,Delhi,Active,11.0,59,2020-07-01,19629,08:00:00
DL033,"Shadipur, Delhi - CPCB",Delhi,Delhi,Active,11.0,388,2006-09-07,44450,08:00:00
DL034,"Sirifort, Delhi - CPCB",Delhi,Delhi,Active,11.0,82,2005-12-31,43479,08:00:00
DL035,"Sonia Vihar, Delhi - DPCC",Delhi,Delhi,Active,11.0,191,2008-09-18,27014,08:00:00
DL036,"Sri Aurobindo Marg, Delhi - DPCC",Delhi,Delhi,Active,11.0,350,2000-02-08,40968,08:00:00
DL037,"Vivek Vihar, Delhi - DPCC",Delhi,Delhi,Active,11.0,91,2017-07-19,19667,08:00:00
DL038,"Wazirpur, Delhi - DPCC",Delhi,Delhi,Active,11.0,124,2019-04-02,24898,08:00:00
GJ001,"Maninagar, Ahmedabad - GPCB",Ahmedabad,Gujarat,Active,1.0,355,2005-09-06,23811,08:00:00
HR011,"NISE Gwal Pahari, Gurugram - IMD",Gurugram,Haryana,Active,13.0,115,1999-08-31,39848,08:00:00
HR012,"Sector-51, Gurugram - HSPCB",Gurugram,Haryana,Active,13.0,145,2019-01-26,37970,08:00:00
HR013,"Teri Gram, Gurugram - HSPCB",Gurugram,Haryana,Active,13.0,254,1999-11-08,15950,08:00:00
HR014,"Vikas Sadan, Gurugram - HSPCB",Gurugram,Haryana,Active,13.0,66,1998-10-10,11088,08:00:00
JH001,"Tata Stadium, Jorapokhar - JSPCB",Jorapokhar,Jharkhand,Active,17.0,273,2011-05-27,13528,08:00:00
KA002,"BTM Layout, Bengaluru - CPCB",Bengaluru,Karnataka,Active,5.0,194,2022-02-13,32480,08:00:00
KA003,"BWSSB Kadabesanahalli, Bengaluru - CPCB",Bengaluru,Karnataka,Active,5.0,185,2019-11-18,23887,08:00:00
KA004,"Bapuji Nagar, Bengaluru - KSPCB",Bengaluru,Karnataka,Active,5.0,271,2009-02-18,29584,08:00:00
KA005,"City Railway Station, Bengaluru - KSPCB",Bengaluru,Karnataka,Active,5.0,134,2018-08-12,22854,08:00:00
KA006,"Hebbal, Bengaluru - KSPCB",Bengaluru,Karnataka,Active,5.0,170,2003-05-29,47061,08:00:00
KA007,"Hombegowda Nagar, Bengaluru - KSPCB",Bengaluru,Karnataka,Active,5.0,250,2016-05-10,37330,08:00:00
KA008,"Jayanagar 5th Block, Bengaluru - KSPCB",Bengaluru,Karnataka,Active,5.0,163,2017-04-09,46294,08:00:00
KA009,"Peenya, Bengaluru - CPCB",Bengaluru,Karnataka,Active,5.0,63,2007-03-03,38628,08:00:00
KA010,"Sanegurava Halli, Bengaluru - KSPCB",Bengaluru,Karnataka,Active,5.0,368,2018-10-09,45214,08:00:00
KA011,"Silk Board, Bengaluru - KSPCB",Bengaluru,Karnataka,Active,5.0,185,2010-10-15,10499,08:00:00
KL002,"Kacheripady, Ernakulam - Kerala PCB",Ernakulam,Kerala,Active,12.0,383,2023-10-20,37825,08:00:00
KL004,"Vyttila, Kochi - Kerala PCB",Kochi,Kerala,Active,18.0,171,2007-07-07,41064,08:00:00
KL007,"Kariavattom, Thiruvananthapuram - Kerala PCB",Thiruvananthapuram,Kerala,Active,25.0,194,2003-06-25,43825,08:00:00
KL008,"Plammoodu, Thiruvananthapuram - Kerala PCB",Thiruvananthapuram,Kerala,Active,25.0,255,2007-10-17,19717,08:00:00
MP001,"T T Nagar, Bhopal - MPPCB",Bhopal,Madhya Pradesh,Active,6.0,121,2002-07-01,32125,08:00:00
MH005,"Bandra, Mumbai - MPCB",Mumbai,Maharashtra,Active,21.0,312,2001-04-30,47406,08:00:00
MH006,"Borivali East, Mumbai - MPCB",Mumbai,Maharashtra,Active,21.0,99,2005-12-28,33637,08:00:00
MH007,"Chhatrapati Shivaji Intl. Airport (T2), Mumbai - MPCB",Mumbai,Maharashtra,Active,21.0,395,2024-02-06,35073,08:00:00
MH008,"Colaba, Mumbai - MPCB",Mumbai,Maharashtra,Active,21.0,363,2001-02-02,28962,08:00:00
MH009,"Kurla, Mumbai - MPCB",Mumbai,Maharashtra,Active,21.0,187,2018-11-19,35792,08:00:00
MH010,"Powai, Mumbai - MPCB",Mumbai,Maharashtra,Active,21.0,282,1999-04-26,21625,08:00:00
MH011,"Sion, Mumbai - MPCB",Mumbai,Maharashtra,Active,21.0,359,2023-05-22,13125,08:00:00
MH012,"Vasai West, Mumbai - MPCB",Mumbai,Maharashtra,Active,21.0,140,2022-01-29,21994,08:00:00
MH013,"Vile Parle West, Mumbai - MPCB",Mumbai,Maharashtra,Active,21.0,270,2003-11-09,45302,08:00:00
MH014,"Worli, Mumbai - MPCB",Mumbai,Maharashtra,Active,21.0,334,2015-05-21,30857,08:00:00
ML001,"Lumpyngngad, Shillong - Meghalaya PCB",Shillong,Meghalaya,Active,23.0,201,2010-08-13,18570,08:00:00
MZ001,"Sikulpuikawn, Aizawl - Mizoram PCB",Aizawl,Mizoram,Active,2.0,253,2015-05-18,25393,08:00:00
OD001,"GM Office, Brajrajnagar - OSPCB",Brajrajnagar,Odisha,Active,7.0,215,2005-12-09,19462,08:00:00
OD002,"Talcher Coalfields,Talcher - OSPCB",Talcher,Odisha,Active,24.0,161,2013-10-12,36398,08:00:00
PB001,"Golden Temple, Amritsar - PPCB",Amritsar,Punjab,Active,4.0,106,2015-03-18,12368,08:00:00
RJ004,"Adarsh Nagar, Jaipur - RSPCB",Jaipur,Rajasthan,Active,16.0,206,2023-03-26,12855,08:00:00
RJ005,"Police Commissionerate, Jaipur - RSPCB",Jaipur,Rajasthan,Active,16.0,69,2007-05-29,22354,08:00:00
RJ006,"Shastri Nagar, Jaipur - RSPCB",Jaipur,Rajasthan,Active,16.0,189,2012-07-27,33258,08:00:00
TN001,"Alandur Bus Depot, Chennai - CPCB",Chennai,Tamil Nadu,Active,9.0,76,2007-07-13,48713,08:00:00
TN002,"Manali Village, Chennai - TNPCB",Chennai,Tamil Nadu,Active,9.0,91,2015-08-18,27354,08:00:00
TN003,"Manali, Chennai - CPCB",Chennai,Tamil Nadu,Active,9.0,229,2005-09-30,48496,08:00:00
TN004,"Velachery Res. Area, Chennai - CPCB",Chennai,Tamil Nadu,Active,9.0,152,2005-05-21,37894,08:00:00
TN005,"SIDCO Kurichi, Coimbatore - TNPCB",Coimbatore,Tamil Nadu,Active,10.0,302,2015-05-31,32213,08:00:00
TG001,"Bollaram Industrial Area, Hyderabad - TSPCB",Hyderabad,Telangana,Active,15.0,95,2010-05-13,15956,08:00:00
TG002,"Central University, Hyderabad - TSPCB",Hyderabad,Telangana,Active,15.0,119,2016-03-29,12483,08:00:00
TG003,"ICRISAT Patancheru, Hyderabad - TSPCB",Hyderabad,Telangana,Active,15.0,137,2010-02-19,47971,08:00:00
TG004,"IDA Pashamylaram, Hyderabad - TSPCB",Hyderabad,Telangana,Active,15.0,238,2020-10-09,31053,08:00:00
TG005,"Sanathnagar, Hyderabad - TSPCB",Hyderabad,Telangana,Active,15.0,326,2017-06-03,48634,08:00:00
TG006,"Zoo Park, Hyderabad - TSPCB",Hyderabad,Telangana,Active,15.0,339,2010-12-06,49671,08:00:00
UP012,"Central School, Lucknow - CPCB",Lucknow,Uttar Pradesh,Active,20.0,252,2023-04-10,40394,08:00:00
UP013,"Gomti Nagar, Lucknow - UPPCB",Lucknow,Uttar Pradesh,Active,20.0,302,2002-09-24,36327,08:00:00
UP014,"Lalbagh, Lucknow - CPCB",Lucknow,Uttar Pradesh,Active,20.0,217,2011-04-21,30304,08:00:00
UP015,"Nishant Ganj, Lucknow - UPPCB",Lucknow,Uttar Pradesh,Active,20.0,256,2021-07-08,12963,08:00:00
UP016,"Talkatora District Industries Center, Lucknow - CPCB",Lucknow,Uttar Pradesh,Active,20.0,227,1998-05-02,15397,08:00:00
WB007,"Ballygunge, Kolkata - WBPCB",Kolkata,West Bengal,Active,19.0,356,2000-08-11,17342,08:00:00
WB008,"Bidhannagar, Kolkata - WBPCB",Kolkata,West Bengal,Active,19.0,320,2019-05-02,49804,08:00:00
WB009,"Fort William, Kolkata - WBPCB",Kolkata,West Bengal,Active,19.0,143,2021-03-24,21533,08:00:00
WB010,"Jadavpur, Kolkata - WBPCB",Kolkata,West Bengal,Active,19.0,303,2001-02-01,26144,08:00:00
WB011,"Rabindra Bharati University, Kolkata - WBPCB",Kolkata,West Bengal,Active,19.0,218,2012-09-21,37301,08:00:00
WB012,"Rabindra Sarobar, Kolkata - WBPCB",Kolkata,West Bengal,Active,19.0,61,2014-11-21,10580,08:00:00
WB013,"Victoria, Kolkata - WBPCB",Kolkata,West Bengal,Active,19.0,169,2009-03-12,11754,08:00:00
