City,City ID,State,Population,Region,LatitudeLongitude,Urban/Rural,Cost of Living
Ahmedabad,1,Gujarat,2467775,East,"23.0225,72.5714",Urban,124
Aizawl,2,Mizoram,15137610,North,"23.7367,92.7146",Urban,105
Amaravati,3,Andhra Pradesh,25004158,South,"16.5062,80.6480",Urban,76
Amritsar,4,Punjab,6805658,North,"31.6340,74.8723",Rural,54
Bengaluru,5,Karnataka,6336834,East,"12.9716,77.5946",Rural,116
Bhopal,6,Madhya Pradesh,4482782,South,"23.2599,77.4126",Rural,72
Brajrajnagar,7,Odisha,12963993,South,"21.8167,83.9167",Rural,71
Chandigarh,8,Chandigarh (UT),20706927,West,"30.7333,76.7794",Rural,126
Chennai,9,Tamil Nadu,15760600,East,"13.0827,80.2707",Urban,107
Coimbatore,10,Tamil Nadu,7954558,West,"11.0168,76.9558",Urban,116
Delhi,11,Delhi,25059623,East,"28.7041,77.1025",Rural,105
Ernakulam,12,Kerala,2235219,West,"9.9816,76.2999",Urban,95
Gurugram,13,Haryana,23126395,North,"28.4595,77.0266",Rural,60
Guwahati,14,Assam,11520023,North,"26.1445,91.7362",Urban,102
Hyderabad,15,Telangana,13104113,North,"17.3850,78.4867",Rural,107
Jaipur,16,Rajasthan,6128295,North,"26.9124,75.7873",Rural,128
Jorapokhar,17,Jharkhand,2903998,North,"23.7324,86.4140",Urban,77
Kochi,18,Kerala,22415422,North,"9.9312,76.2673",Rural,69
Kolkata,19,West Bengal,17601862,North,"22.5726,88.3639",Urban,108
Lucknow,20,Uttar Pradesh,6382962,South,"26.8467,80.9462",Urban,119
Mumbai,21,Maharashtra,4554081,East,"19.0760,72.8777",Urban,130
Patna,22,Bihar,29589095,South,"25.5941,85.1376",Rural,60
Shillong,23,Meghalaya,19204758,North,"25.5788,91.8933",Rural,100
Talcher,24,Odisha,16687841,East,"20.9497,85.1729",Rural,107
Thiruvananthapuram,25,Kerala,26972760,West,"8.5241,76.9366",Urban,120
Visakhapatnam,26,Andhra Pradesh,25241659,South,"17.6868,83.2185",Urban,67
