Advisory ID,AQI Range,Category,Health Effects,Precautions,Lethality,Description,Age Affected
1,0-50,Good,Minimal impact,No precautions needed,Low,"Clean air, safe for all",All
2,51-100,Moderate,Mild impact on sensitive groups,Reduce outdoor activities,Medium,Acceptable air quality,"Children, Elderly"
3,101-150,Unhealthy for Sensitive Groups,Respiratory issues,Limit exertion,High,Affects vulnerable populations,"Children, Elderly, Respiratory patients"
4,151-200,Unhealthy,Health effects increase,Avoid outdoor activities,Very High,Poor air quality,General population
5,201-300,Very Unhealthy,Serious health effects,Stay indoors,Severe,Health warnings issued,Everyone
6,301-500,Hazardous,Emergency conditions,Avoid all exposure,Critical,Life-threatening pollution,Everyone
